{"textures":{"0":"modelengine:entity/mouse_texture","particle":"#0"},"elements":[{"from":[7.595461,10.353943,8.456583],"to":[9.595461,12.353943,8.456583],"faces":{"south":{"uv":[1.0,7.5,2.0,8.5],"tintindex":0,"rotation":0,"texture":"#0"},"north":{"uv":[0.0,7.5,1.0,8.5],"tintindex":0,"rotation":0,"texture":"#0"}}}],"display":{"head":{"rotation":[-12.500004,2.9895475E-6,15.000002]},"firstperson_righthand":{"rotation":[-12.500004,2.9895475E-6,15.000002]},"thirdperson_lefthand":{"rotation":[-12.500004,-2.9895475E-6,-15.000002]},"firstperson_lefthand":{"rotation":[-12.500004,-2.9895475E-6,-15.000002]},"fixed":{"rotation":[-12.500004,2.9895475E-6,15.000002]},"ground":{"rotation":[-12.500004,2.9895475E-6,15.000002]},"thirdperson_righthand":{"rotation":[-12.500004,2.9895475E-6,15.000002]},"gui":{"rotation":[-132.59256,-43.657467,-152.7873]}}}