{"textures":{"0":"modelengine:entity/mouse_texture","particle":"#0"},"elements":[{"from":[9.478444,10.571623,8.551712],"to":[11.478444,12.571623,8.551712],"faces":{"south":{"uv":[3.0,7.5,4.0,8.5],"tintindex":0,"rotation":0,"texture":"#0"},"north":{"uv":[2.0,7.5,3.0,8.5],"tintindex":0,"rotation":0,"texture":"#0"}}}],"display":{"head":{"rotation":[-15.000002,-2.9895475E-6,-12.500004]},"firstperson_righthand":{"rotation":[-15.000002,-2.9895475E-6,-12.500004]},"thirdperson_lefthand":{"rotation":[-15.000002,2.9895475E-6,12.500004]},"firstperson_lefthand":{"rotation":[-15.000002,2.9895475E-6,12.500004]},"fixed":{"rotation":[-15.000002,-2.9895475E-6,-12.500004]},"ground":{"rotation":[-15.000002,-2.9895475E-6,-12.500004]},"thirdperson_righthand":{"rotation":[-15.000002,-2.9895475E-6,-12.500004]},"gui":{"rotation":[-129.24643,-43.079514,-177.98918]}}}